X,CH1,CH2,
Second,Volt,Volt,
7.1096998e-01,-4.00000e-04,0.00000e+00,
7.1097100e-01,-4.00000e-04,0.00000e+00,
7.1097201e-01,-4.00000e-04,0.00000e+00,
7.1097302e-01,-4.00000e-04,0.00000e+00,
7.1097398e-01,-6.00000e-04,0.00000e+00,
7.1097499e-01,-4.00000e-04,0.00000e+00,
7.1097600e-01,-4.00000e-04,0.00000e+00,
7.1097702e-01,-4.00000e-04,0.00000e+00,
7.1097797e-01,-4.00000e-04,0.00000e+00,
7.1097898e-01,-4.00000e-04,0.00000e+00,
7.1098000e-01,-2.00000e-04,0.00000e+00,
7.1098101e-01,-2.00000e-04,0.00000e+00,
7.1098202e-01,-2.00000e-04,0.00000e+00,
7.1098298e-01,-2.00000e-04,0.00000e+00,
7.1098399e-01,-2.00000e-04,0.00000e+00,
7.1098500e-01,-2.00000e-04,0.00000e+00,
7.1098602e-01,-2.00000e-04,0.00000e+00,
7.1098697e-01,-2.00000e-04,0.00000e+00,
7.1098799e-01,-2.00000e-04,0.00000e+00,
7.1098900e-01,-2.00000e-04,0.00000e+00,
7.1099001e-01,-2.00000e-04,0.00000e+00,
7.1099102e-01,-2.00000e-04,0.00000e+00,
7.1099198e-01,-2.00000e-04,0.00000e+00,
7.1099299e-01,-2.00000e-04,0.00000e+00,
7.1099401e-01,-2.00000e-04,0.00000e+00,
7.1099502e-01,-2.00000e-04,0.00000e+00,
7.1099597e-01,-2.00000e-04,0.00000e+00,
7.1099699e-01,-2.00000e-04,0.00000e+00,
7.1099800e-01,2.00000e-04,0.00000e+00,
7.1099901e-01,4.00000e-04,0.00000e+00,
7.1100003e-01,6.00000e-04,0.00000e+00,
7.1100098e-01,8.00000e-04,0.00000e+00,
7.1100199e-01,1.00000e-03,0.00000e+00,
7.1100301e-01,1.20000e-03,0.00000e+00,
7.1100402e-01,1.40000e-03,0.00000e+00,
7.1100497e-01,1.60000e-03,0.00000e+00,
7.1100599e-01,1.80000e-03,0.00000e+00,
7.1100700e-01,2.00000e-03,0.00000e+00,
7.1100801e-01,2.20000e-03,0.00000e+00,
7.1100903e-01,1.60000e-03,0.00000e+00,
7.1100998e-01,1.00000e-03,0.00000e+00,
7.1101099e-01,4.00000e-04,0.00000e+00,
7.1101201e-01,-2.00000e-04,0.00000e+00,
7.1101302e-01,-8.00000e-04,0.00000e+00,
7.1101397e-01,-1.40000e-03,0.00000e+00,
7.1101499e-01,-2.00000e-03,0.00000e+00,
7.1101600e-01,-2.60000e-03,0.00000e+00,
7.1101701e-01,-3.20000e-03,0.00000e+00,
7.1101803e-01,-3.80000e-03,0.00000e+00,
7.1101898e-01,-4.40000e-03,0.00000e+00,
7.1101999e-01,-5.20000e-03,0.00000e+00,
7.1102101e-01,-4.20000e-03,0.00000e+00,
7.1102202e-01,-3.40000e-03,0.00000e+00,
7.1102297e-01,-2.60000e-03,0.00000e+00,
7.1102399e-01,-1.80000e-03,0.00000e+00,
7.1102500e-01,-1.00000e-03,0.00000e+00,
7.1102601e-01,0.00000e+00,0.00000e+00,
7.1102703e-01,8.00000e-04,0.00000e+00,
7.1102798e-01,1.60000e-03,0.00000e+00,
7.1102899e-01,2.40000e-03,0.00000e+00,
7.1103001e-01,3.20000e-03,0.00000e+00,
7.1103102e-01,4.00000e-03,-2.00000e-04,
7.1103197e-01,3.20000e-03,0.00000e+00,
7.1103299e-01,2.20000e-03,0.00000e+00,
7.1103400e-01,1.20000e-03,0.00000e+00,
7.1103501e-01,2.00000e-04,0.00000e+00,
7.1103603e-01,-8.00000e-04,0.00000e+00,
7.1103698e-01,-1.80000e-03,0.00000e+00,
7.1103799e-01,-2.80000e-03,0.00000e+00,
7.1103901e-01,-3.80000e-03,0.00000e+00,
7.1104002e-01,-4.80000e-03,0.00000e+00,
7.1104097e-01,-5.80000e-03,0.00000e+00,
7.1104199e-01,-6.80000e-03,0.00000e+00,
7.1104300e-01,-7.80000e-03,0.00000e+00,
7.1104401e-01,-6.40000e-03,0.00000e+00,
7.1104503e-01,-5.20000e-03,0.00000e+00,
7.1104598e-01,-4.00000e-03,0.00000e+00,
7.1104699e-01,-2.80000e-03,0.00000e+00,
7.1104801e-01,-1.60000e-03,0.00000e+00,
7.1104902e-01,-2.00000e-04,0.00000e+00,
7.1104997e-01,1.00000e-03,0.00000e+00,
7.1105099e-01,2.20000e-03,0.00000e+00,
7.1105200e-01,3.40000e-03,0.00000e+00,
7.1105301e-01,4.60000e-03,0.00000e+00,
7.1105403e-01,5.80000e-03,0.00000e+00,
7.1105498e-01,5.00000e-03,0.00000e+00,
7.1105599e-01,4.20000e-03,0.00000e+00,
7.1105701e-01,3.20000e-03,0.00000e+00,
7.1105802e-01,2.40000e-03,0.00000e+00,
7.1105897e-01,1.40000e-03,0.00000e+00,
7.1105999e-01,6.00000e-04,0.00000e+00,
7.1106100e-01,-2.00000e-04,0.00000e+00,
7.1106201e-01,-1.20000e-03,0.00000e+00,
7.1106303e-01,-2.00000e-03,0.00000e+00,
7.1106398e-01,-3.00000e-03,0.00000e+00,
7.1106499e-01,-3.80000e-03,0.00000e+00,
7.1106601e-01,-4.80000e-03,0.00000e+00,
7.1106702e-01,-4.00000e-03,0.00000e+00,
7.1106797e-01,-3.20000e-03,0.00000e+00,
7.1106899e-01,-2.40000e-03,0.00000e+00,
7.1107000e-01,-1.80000e-03,0.00000e+00,
7.1107101e-01,-1.00000e-03,0.00000e+00,
7.1107203e-01,-2.00000e-04,0.00000e+00,
7.1107298e-01,6.00000e-04,0.00000e+00,
7.1107399e-01,1.20000e-03,0.00000e+00,
7.1107501e-01,2.00000e-03,0.00000e+00,
7.1107602e-01,2.80000e-03,0.00000e+00,
7.1107697e-01,3.40000e-03,-2.00000e-04,
7.1107799e-01,3.00000e-03,0.00000e+00,
7.1107900e-01,2.60000e-03,0.00000e+00,
7.1108001e-01,2.20000e-03,0.00000e+00,
7.1108103e-01,1.60000e-03,0.00000e+00,
7.1108198e-01,1.20000e-03,0.00000e+00,
7.1108299e-01,8.00000e-04,0.00000e+00,
7.1108401e-01,4.00000e-04,0.00000e+00,
7.1108502e-01,-2.00000e-04,0.00000e+00,
7.1108598e-01,-6.00000e-04,0.00000e+00,
7.1108699e-01,-1.00000e-03,0.00000e+00,
7.1108800e-01,-1.40000e-03,0.00000e+00,
7.1108902e-01,-2.00000e-03,0.00000e+00,
7.1109003e-01,-2.40000e-03,0.00000e+00,
7.1109098e-01,-2.80000e-03,0.00000e+00,
7.1109200e-01,-3.20000e-03,0.00000e+00,
7.1109301e-01,-3.60000e-03,0.00000e+00,
7.1109402e-01,-4.00000e-03,0.00000e+00,
7.1109498e-01,-4.40000e-03,0.00000e+00,
7.1109599e-01,-4.80000e-03,0.00000e+00,
7.1109700e-01,-5.20000e-03,0.00000e+00,
7.1109802e-01,-5.60000e-03,0.00000e+00,
7.1109903e-01,-6.00000e-03,0.00000e+00,
7.1109998e-01,-6.40000e-03,0.00000e+00,
7.1110100e-01,-5.00000e-03,0.00000e+00,
7.1110201e-01,-3.80000e-03,0.00000e+00,
7.1110302e-01,-2.60000e-03,0.00000e+00,
7.1110398e-01,-1.40000e-03,0.00000e+00,
7.1110499e-01,-2.00000e-04,0.00000e+00,
7.1110600e-01,1.00000e-03,0.00000e+00,
7.1110702e-01,2.40000e-03,0.00000e+00,
7.1110803e-01,3.60000e-03,0.00000e+00,
7.1110898e-01,4.80000e-03,0.00000e+00,
7.1111000e-01,6.00000e-03,0.00000e+00,
7.1111101e-01,7.20000e-03,0.00000e+00,
7.1111202e-01,8.40000e-03,0.00000e+00,
7.1111298e-01,6.60000e-03,2.00000e-04,
7.1111399e-01,4.80000e-03,2.00000e-04,
7.1111500e-01,3.00000e-03,2.00000e-04,
7.1111602e-01,1.20000e-03,2.00000e-04,
7.1111703e-01,-6.00000e-04,2.00000e-04,
7.1111798e-01,-2.40000e-03,4.00000e-04,
7.1111900e-01,-4.20000e-03,4.00000e-04,
7.1112001e-01,-6.00000e-03,4.00000e-04,
7.1112102e-01,-7.80000e-03,4.00000e-04,
7.1112198e-01,-9.60000e-03,4.00000e-04,
7.1112299e-01,-1.14000e-02,4.00000e-04,
7.1112400e-01,-9.20000e-03,4.00000e-04,
7.1112502e-01,-7.00000e-03,2.00000e-04,
7.1112603e-01,-4.80000e-03,0.00000e+00,
7.1112698e-01,-2.60000e-03,-2.00000e-04,
7.1112800e-01,-4.00000e-04,-4.00000e-04,
7.1112901e-01,1.60000e-03,-4.00000e-04,
7.1113002e-01,3.80000e-03,-6.00000e-04,
7.1113098e-01,6.00000e-03,-8.00000e-04,
7.1113199e-01,8.20000e-03,-1.00000e-03,
7.1113300e-01,1.04000e-02,-1.20000e-03,
7.1113402e-01,1.26000e-02,-1.40000e-03,
7.1113503e-01,1.46000e-02,-1.60000e-03,
7.1113598e-01,1.24000e-02,-1.20000e-03,
7.1113700e-01,1.02000e-02,-1.00000e-03,
7.1113801e-01,8.00000e-03,-8.00000e-04,
7.1113902e-01,5.80000e-03,-4.00000e-04,
7.1113998e-01,3.60000e-03,-2.00000e-04,
7.1114099e-01,1.20000e-03,0.00000e+00,
7.1114200e-01,-1.00000e-03,2.00000e-04,
7.1114302e-01,-3.20000e-03,6.00000e-04,
7.1114397e-01,-5.40000e-03,8.00000e-04,
7.1114498e-01,-7.60000e-03,1.00000e-03,
7.1114600e-01,-1.00000e-02,1.20000e-03,
7.1114701e-01,-8.40000e-03,6.00000e-04,
7.1114802e-01,-6.80000e-03,0.00000e+00,
7.1114898e-01,-5.20000e-03,-6.00000e-04,
7.1114999e-01,-3.60000e-03,-1.40000e-03,
7.1115100e-01,-2.00000e-03,-2.00000e-03,
7.1115202e-01,-4.00000e-04,-2.60000e-03,
7.1115297e-01,1.20000e-03,-3.20000e-03,
7.1115398e-01,2.80000e-03,-4.00000e-03,
7.1115500e-01,4.40000e-03,-4.60000e-03,
7.1115601e-01,6.00000e-03,-5.20000e-03,
7.1115702e-01,7.60000e-03,-5.80000e-03,
7.1115798e-01,9.00000e-03,-6.60000e-03,
7.1115899e-01,7.60000e-03,-5.60000e-03,
7.1116000e-01,6.20000e-03,-4.60000e-03,
7.1116102e-01,4.80000e-03,-3.60000e-03,
7.1116197e-01,3.40000e-03,-2.60000e-03,
7.1116298e-01,2.00000e-03,-1.60000e-03,
7.1116400e-01,6.00000e-04,-6.00000e-04,
7.1116501e-01,-8.00000e-04,4.00000e-04,
7.1116602e-01,-2.20000e-03,1.40000e-03,
7.1116698e-01,-3.60000e-03,2.40000e-03,
7.1116799e-01,-5.00000e-03,3.40000e-03,
7.1116900e-01,-6.40000e-03,4.40000e-03,
7.1117002e-01,-7.80000e-03,5.20000e-03,
7.1117097e-01,-6.40000e-03,4.60000e-03,
7.1117198e-01,-5.00000e-03,3.80000e-03,
7.1117300e-01,-3.60000e-03,3.00000e-03,
7.1117401e-01,-2.20000e-03,2.20000e-03,
7.1117502e-01,-8.00000e-04,1.40000e-03,
7.1117598e-01,6.00000e-04,6.00000e-04,
7.1117699e-01,2.00000e-03,-2.00000e-04,
7.1117800e-01,3.40000e-03,-1.00000e-03,
7.1117902e-01,4.80000e-03,-1.80000e-03,
7.1117997e-01,6.20000e-03,-2.60000e-03,
7.1118098e-01,7.40000e-03,-3.40000e-03,
7.1118200e-01,6.20000e-03,-3.00000e-03,
7.1118301e-01,5.00000e-03,-2.60000e-03,
7.1118402e-01,3.80000e-03,-2.20000e-03,
7.1118498e-01,2.40000e-03,-2.00000e-03,
7.1118599e-01,1.20000e-03,-1.60000e-03,
7.1118701e-01,0.00000e+00,-1.20000e-03,
7.1118802e-01,-1.40000e-03,-8.00000e-04,
7.1118897e-01,-2.60000e-03,-6.00000e-04,
7.1118999e-01,-3.80000e-03,-2.00000e-04,
7.1119100e-01,-5.20000e-03,2.00000e-04,
7.1119201e-01,-6.40000e-03,6.00000e-04,
7.1119303e-01,-7.80000e-03,8.00000e-04,
7.1119398e-01,-6.40000e-03,1.40000e-03,
7.1119499e-01,-5.20000e-03,2.00000e-03,
7.1119601e-01,-4.00000e-03,2.60000e-03,
7.1119702e-01,-2.80000e-03,3.00000e-03,
7.1119797e-01,-1.60000e-03,3.60000e-03,
7.1119899e-01,-2.00000e-04,4.20000e-03,
7.1120000e-01,1.00000e-03,4.80000e-03,
7.1120101e-01,2.20000e-03,5.20000e-03,
7.1120203e-01,3.40000e-03,5.80000e-03,
7.1120298e-01,4.60000e-03,6.40000e-03,
7.1120399e-01,5.80000e-03,6.80000e-03,
7.1120501e-01,5.00000e-03,5.20000e-03,
7.1120602e-01,4.20000e-03,3.60000e-03,
7.1120697e-01,3.40000e-03,2.00000e-03,
7.1120799e-01,2.60000e-03,4.00000e-04,
7.1120900e-01,1.80000e-03,-1.20000e-03,
7.1121001e-01,1.00000e-03,-2.80000e-03,
7.1121103e-01,2.00000e-04,-4.40000e-03,
7.1121198e-01,-6.00000e-04,-6.00000e-03,
7.1121299e-01,-1.40000e-03,-7.60000e-03,
7.1121401e-01,-2.20000e-03,-9.20000e-03,
7.1121502e-01,-3.00000e-03,-1.08000e-02,
7.1121597e-01,-4.00000e-03,-1.24000e-02,
7.1121699e-01,-3.80000e-03,-1.00000e-02,
7.1121800e-01,-3.80000e-03,-7.80000e-03,
7.1121901e-01,-3.80000e-03,-5.60000e-03,
7.1122003e-01,-3.80000e-03,-3.40000e-03,
7.1122098e-01,-3.80000e-03,-1.20000e-03,
7.1122199e-01,-3.80000e-03,1.20000e-03,
7.1122301e-01,-3.80000e-03,3.40000e-03,
7.1122402e-01,-3.80000e-03,5.60000e-03,
7.1122497e-01,-3.80000e-03,7.80000e-03,
7.1122599e-01,-3.80000e-03,1.00000e-02,
7.1122700e-01,-3.80000e-03,1.22000e-02,
7.1122801e-01,-2.80000e-03,1.02000e-02,
7.1122903e-01,-2.00000e-03,8.20000e-03,
7.1122998e-01,-1.20000e-03,6.00000e-03,
7.1123099e-01,-2.00000e-04,4.00000e-03,
7.1123201e-01,6.00000e-04,1.80000e-03,
7.1123302e-01,1.40000e-03,-2.00000e-04,
7.1123397e-01,2.40000e-03,-2.20000e-03,
7.1123499e-01,3.20000e-03,-4.40000e-03,
7.1123600e-01,4.00000e-03,-6.40000e-03,
7.1123701e-01,5.00000e-03,-8.60000e-03,
7.1123803e-01,5.80000e-03,-1.06000e-02,
7.1123898e-01,6.60000e-03,-1.28000e-02,
7.1123999e-01,5.00000e-03,-1.08000e-02,
7.1124101e-01,3.40000e-03,-8.80000e-03,
7.1124202e-01,1.80000e-03,-6.80000e-03,
7.1124297e-01,0.00000e+00,-4.80000e-03,
7.1124399e-01,-1.60000e-03,-2.80000e-03,
7.1124500e-01,-3.20000e-03,-1.00000e-03,
7.1124601e-01,-4.80000e-03,1.00000e-03,
7.1124703e-01,-6.60000e-03,3.00000e-03,
7.1124798e-01,-8.20000e-03,5.00000e-03,
7.1124899e-01,-9.80000e-03,7.00000e-03,
7.1125001e-01,-1.16000e-02,8.80000e-03,
7.1125102e-01,-9.40000e-03,7.60000e-03,
7.1125197e-01,-7.20000e-03,6.40000e-03,
7.1125299e-01,-5.20000e-03,5.20000e-03,
7.1125400e-01,-3.00000e-03,3.80000e-03,
7.1125501e-01,-8.00000e-04,2.60000e-03,
7.1125603e-01,1.20000e-03,1.40000e-03,
7.1125698e-01,3.40000e-03,2.00000e-04,
7.1125799e-01,5.60000e-03,-1.20000e-03,
7.1125901e-01,7.60000e-03,-2.40000e-03,
7.1126002e-01,9.80000e-03,-3.60000e-03,
7.1126097e-01,1.20000e-02,-4.80000e-03,
7.1126199e-01,1.40000e-02,-6.20000e-03,
7.1126300e-01,1.18000e-02,-5.20000e-03,
7.1126401e-01,9.40000e-03,-4.40000e-03,
7.1126503e-01,7.20000e-03,-3.40000e-03,
7.1126598e-01,4.80000e-03,-2.60000e-03,
7.1126699e-01,2.40000e-03,-1.60000e-03,
7.1126801e-01,2.00000e-04,-8.00000e-04,
7.1126902e-01,-2.20000e-03,2.00000e-04,
7.1126997e-01,-4.60000e-03,1.00000e-03,
7.1127099e-01,-6.80000e-03,2.00000e-03,
7.1127200e-01,-9.20000e-03,2.80000e-03,
7.1127301e-01,-1.16000e-02,3.60000e-03,
7.1127403e-01,-9.60000e-03,3.00000e-03,
7.1127498e-01,-7.60000e-03,2.40000e-03,
7.1127599e-01,-5.80000e-03,1.80000e-03,
7.1127701e-01,-3.80000e-03,1.20000e-03,
7.1127802e-01,-1.80000e-03,6.00000e-04,
7.1127898e-01,0.00000e+00,0.00000e+00,
7.1127999e-01,2.00000e-03,-8.00000e-04,
7.1128100e-01,4.00000e-03,-1.40000e-03,
7.1128201e-01,5.80000e-03,-2.00000e-03,
7.1128303e-01,7.80000e-03,-2.60000e-03,
7.1128398e-01,9.80000e-03,-3.20000e-03,
7.1128500e-01,1.16000e-02,-4.00000e-03,
7.1128601e-01,9.80000e-03,-3.20000e-03,
7.1128702e-01,8.00000e-03,-2.40000e-03,
7.1128798e-01,6.20000e-03,-1.80000e-03,
7.1128899e-01,4.40000e-03,-1.00000e-03,
7.1129000e-01,2.60000e-03,-2.00000e-04,
7.1129102e-01,8.00000e-04,4.00000e-04,
7.1129203e-01,-1.00000e-03,1.20000e-03,
7.1129298e-01,-2.80000e-03,2.00000e-03,
7.1129400e-01,-4.60000e-03,2.60000e-03,
7.1129501e-01,-6.40000e-03,3.40000e-03,
7.1129602e-01,-8.40000e-03,4.00000e-03,
7.1129698e-01,-7.00000e-03,3.40000e-03,
7.1129799e-01,-5.80000e-03,2.80000e-03,
7.1129900e-01,-4.60000e-03,2.20000e-03,
7.1130002e-01,-3.40000e-03,1.40000e-03,
7.1130103e-01,-2.00000e-03,8.00000e-04,
7.1130198e-01,-8.00000e-04,2.00000e-04,
7.1130300e-01,4.00000e-04,-6.00000e-04,
7.1130401e-01,1.60000e-03,-1.20000e-03,
7.1130502e-01,3.00000e-03,-1.80000e-03,
7.1130598e-01,4.20000e-03,-2.60000e-03,
7.1130699e-01,5.40000e-03,-3.20000e-03,
7.1130800e-01,6.60000e-03,-4.00000e-03,
7.1130902e-01,5.60000e-03,-3.20000e-03,
7.1131003e-01,4.40000e-03,-2.40000e-03,
7.1131098e-01,3.40000e-03,-1.60000e-03,
7.1131200e-01,2.20000e-03,-8.00000e-04,
7.1131301e-01,1.20000e-03,0.00000e+00,
7.1131402e-01,0.00000e+00,8.00000e-04,
7.1131498e-01,-1.00000e-03,1.60000e-03,
7.1131599e-01,-2.20000e-03,2.40000e-03,
7.1131700e-01,-3.20000e-03,3.20000e-03,
7.1131802e-01,-4.40000e-03,4.00000e-03,
7.1131903e-01,-5.60000e-03,4.60000e-03,
7.1131998e-01,-4.60000e-03,4.20000e-03,
7.1132100e-01,-3.80000e-03,3.60000e-03,
7.1132201e-01,-3.00000e-03,3.20000e-03,
7.1132302e-01,-2.00000e-03,2.60000e-03,
7.1132398e-01,-1.20000e-03,2.20000e-03,
7.1132499e-01,-4.00000e-04,1.60000e-03,
7.1132600e-01,6.00000e-04,1.00000e-03,
7.1132702e-01,1.40000e-03,6.00000e-04,
7.1132803e-01,2.20000e-03,0.00000e+00,
7.1132898e-01,3.20000e-03,-4.00000e-04,
7.1133000e-01,4.00000e-03,-1.00000e-03,
7.1133101e-01,4.80000e-03,-1.60000e-03,
7.1133202e-01,4.00000e-03,-1.60000e-03,
7.1133298e-01,3.20000e-03,-1.80000e-03,
7.1133399e-01,2.20000e-03,-2.00000e-03,
7.1133500e-01,1.40000e-03,-2.00000e-03,
7.1133602e-01,6.00000e-04,-2.20000e-03,
7.1133697e-01,-4.00000e-04,-2.40000e-03,
7.1133798e-01,-1.20000e-03,-2.60000e-03,
7.1133900e-01,-2.00000e-03,-2.60000e-03,
7.1134001e-01,-3.00000e-03,-2.80000e-03,
7.1134102e-01,-3.80000e-03,-3.00000e-03,
7.1134198e-01,-4.80000e-03,-3.20000e-03,
7.1134299e-01,-4.40000e-03,-2.00000e-03,
7.1134400e-01,-4.00000e-03,-1.00000e-03,
7.1134502e-01,-3.80000e-03,0.00000e+00,
7.1134597e-01,-3.40000e-03,1.00000e-03,
7.1134698e-01,-3.00000e-03,2.20000e-03,
7.1134800e-01,-2.80000e-03,3.20000e-03,
7.1134901e-01,-2.40000e-03,4.20000e-03,
7.1135002e-01,-2.00000e-03,5.20000e-03,
7.1135098e-01,-1.80000e-03,6.40000e-03,
7.1135199e-01,-1.40000e-03,7.40000e-03,
7.1135300e-01,-1.00000e-03,8.40000e-03,
7.1135402e-01,-8.00000e-04,9.40000e-03,
7.1135497e-01,-4.00000e-04,7.60000e-03,
7.1135598e-01,-2.00000e-04,5.80000e-03,
7.1135700e-01,0.00000e+00,4.00000e-03,
7.1135801e-01,4.00000e-04,2.00000e-03,
7.1135902e-01,6.00000e-04,2.00000e-04,
7.1135998e-01,8.00000e-04,-1.60000e-03,
7.1136099e-01,1.20000e-03,-3.60000e-03,
7.1136200e-01,1.40000e-03,-5.40000e-03,
7.1136302e-01,1.60000e-03,-7.20000e-03,
7.1136397e-01,2.00000e-03,-9.20000e-03,
7.1136498e-01,2.20000e-03,-1.10000e-02,
7.1136600e-01,2.40000e-03,-1.30000e-02,
7.1136701e-01,1.40000e-03,-1.06000e-02,
7.1136802e-01,4.00000e-04,-8.20000e-03,
7.1136898e-01,-6.00000e-04,-6.00000e-03,
7.1136999e-01,-1.80000e-03,-3.60000e-03,
7.1137100e-01,-2.80000e-03,-1.40000e-03,
7.1137202e-01,-3.80000e-03,1.00000e-03,
7.1137297e-01,-4.80000e-03,3.20000e-03,
7.1137398e-01,-6.00000e-03,5.60000e-03,
7.1137500e-01,-7.00000e-03,7.80000e-03,
7.1137601e-01,-8.00000e-03,1.02000e-02,
7.1137702e-01,-9.20000e-03,1.24000e-02,
7.1137798e-01,-7.40000e-03,1.04000e-02,
7.1137899e-01,-5.60000e-03,8.40000e-03,
7.1138000e-01,-3.80000e-03,6.40000e-03,
7.1138102e-01,-2.00000e-03,4.20000e-03,
7.1138197e-01,-2.00000e-04,2.20000e-03,
7.1138299e-01,1.60000e-03,2.00000e-04,
7.1138400e-01,3.40000e-03,-1.80000e-03,
7.1138501e-01,5.20000e-03,-4.00000e-03,
7.1138602e-01,7.00000e-03,-6.00000e-03,
7.1138698e-01,8.80000e-03,-8.00000e-03,
7.1138799e-01,1.06000e-02,-1.00000e-02,
7.1138901e-01,1.24000e-02,-1.22000e-02,
7.1139002e-01,1.02000e-02,-1.06000e-02,
7.1139097e-01,8.00000e-03,-9.00000e-03,
7.1139199e-01,5.80000e-03,-7.40000e-03,
7.1139300e-01,3.60000e-03,-6.00000e-03,
7.1139401e-01,1.40000e-03,-4.40000e-03,
7.1139503e-01,-1.00000e-03,-2.80000e-03,
7.1139598e-01,-3.20000e-03,-1.20000e-03,
7.1139699e-01,-5.40000e-03,2.00000e-04,
7.1139801e-01,-7.60000e-03,1.80000e-03,
7.1139902e-01,-9.80000e-03,3.40000e-03,
7.1139997e-01,-1.22000e-02,4.80000e-03,
7.1140099e-01,-1.00000e-02,4.20000e-03,
7.1140200e-01,-7.80000e-03,3.60000e-03,
7.1140301e-01,-5.80000e-03,3.00000e-03,
7.1140403e-01,-3.60000e-03,2.20000e-03,
7.1140498e-01,-1.40000e-03,1.60000e-03,
7.1140599e-01,6.00000e-04,1.00000e-03,
7.1140701e-01,2.80000e-03,4.00000e-04,
7.1140802e-01,5.00000e-03,-4.00000e-04,
7.1140897e-01,7.00000e-03,-1.00000e-03,
7.1140999e-01,9.20000e-03,-1.60000e-03,
7.1141100e-01,1.14000e-02,-2.20000e-03,
7.1141201e-01,1.34000e-02,-3.00000e-03,
7.1141303e-01,1.14000e-02,-2.60000e-03,
7.1141398e-01,9.40000e-03,-2.20000e-03,
7.1141499e-01,7.40000e-03,-2.00000e-03,
7.1141601e-01,5.40000e-03,-1.60000e-03,
7.1141702e-01,3.40000e-03,-1.20000e-03,
7.1141797e-01,1.20000e-03,-1.00000e-03,
7.1141899e-01,-8.00000e-04,-6.00000e-04,
7.1142000e-01,-2.80000e-03,-2.00000e-04,
7.1142101e-01,-4.80000e-03,0.00000e+00,
7.1142203e-01,-6.80000e-03,4.00000e-04,
7.1142298e-01,-9.00000e-03,6.00000e-04,
7.1142399e-01,-7.60000e-03,6.00000e-04,
7.1142501e-01,-6.20000e-03,4.00000e-04,
7.1142602e-01,-4.80000e-03,4.00000e-04,
7.1142697e-01,-3.40000e-03,2.00000e-04,
7.1142799e-01,-2.00000e-03,0.00000e+00,
7.1142900e-01,-6.00000e-04,0.00000e+00,
7.1143001e-01,8.00000e-04,-2.00000e-04,
7.1143103e-01,2.20000e-03,-4.00000e-04,
7.1143198e-01,3.60000e-03,-4.00000e-04,
7.1143299e-01,5.00000e-03,-6.00000e-04,
7.1143401e-01,6.40000e-03,-8.00000e-04,
7.1143502e-01,7.60000e-03,-1.00000e-03,
7.1143597e-01,6.60000e-03,-6.00000e-04,
7.1143699e-01,5.40000e-03,-2.00000e-04,
7.1143800e-01,4.40000e-03,2.00000e-04,
7.1143901e-01,3.20000e-03,4.00000e-04,
7.1144003e-01,2.20000e-03,8.00000e-04,
7.1144098e-01,1.00000e-03,1.20000e-03,
7.1144199e-01,0.00000e+00,1.60000e-03,
7.1144301e-01,-1.20000e-03,1.80000e-03,
7.1144402e-01,-2.20000e-03,2.20000e-03,
7.1144497e-01,-3.40000e-03,2.60000e-03,
7.1144599e-01,-4.60000e-03,2.80000e-03,
7.1144700e-01,-3.80000e-03,2.60000e-03,
7.1144801e-01,-3.00000e-03,2.20000e-03,
7.1144903e-01,-2.40000e-03,2.00000e-03,
7.1144998e-01,-1.60000e-03,1.60000e-03,
7.1145099e-01,-8.00000e-04,1.20000e-03,
7.1145201e-01,-2.00000e-04,1.00000e-03,
7.1145302e-01,6.00000e-04,6.00000e-04,
7.1145397e-01,1.40000e-03,2.00000e-04,
7.1145499e-01,2.00000e-03,0.00000e+00,
7.1145600e-01,2.80000e-03,-4.00000e-04,
7.1145701e-01,3.60000e-03,-8.00000e-04,
7.1145803e-01,4.20000e-03,-1.20000e-03,
7.1145898e-01,3.60000e-03,-1.00000e-03,
7.1145999e-01,2.80000e-03,-1.00000e-03,
7.1146101e-01,2.20000e-03,-8.00000e-04,
7.1146202e-01,1.40000e-03,-8.00000e-04,
7.1146297e-01,8.00000e-04,-6.00000e-04,
7.1146399e-01,0.00000e+00,-6.00000e-04,
7.1146500e-01,-6.00000e-04,-4.00000e-04,
7.1146601e-01,-1.40000e-03,-4.00000e-04,
7.1146703e-01,-2.00000e-03,-2.00000e-04,
7.1146798e-01,-2.80000e-03,-2.00000e-04,
7.1146899e-01,-3.60000e-03,-2.00000e-04,
7.1147001e-01,-3.20000e-03,6.00000e-04,
7.1147102e-01,-2.80000e-03,1.20000e-03,
7.1147197e-01,-2.40000e-03,1.80000e-03,
7.1147299e-01,-2.00000e-03,2.40000e-03,
7.1147400e-01,-1.60000e-03,3.00000e-03,
7.1147501e-01,-1.20000e-03,3.60000e-03,
7.1147603e-01,-8.00000e-04,4.20000e-03,
7.1147698e-01,-4.00000e-04,4.80000e-03,
7.1147799e-01,0.00000e+00,5.40000e-03,
7.1147901e-01,4.00000e-04,6.00000e-03,
7.1148002e-01,8.00000e-04,6.60000e-03,
7.1148098e-01,1.20000e-03,7.20000e-03,
7.1148199e-01,1.20000e-03,5.80000e-03,
7.1148300e-01,1.00000e-03,4.20000e-03,
7.1148401e-01,8.00000e-04,2.60000e-03,
7.1148503e-01,6.00000e-04,1.20000e-03,
7.1148598e-01,4.00000e-04,-4.00000e-04,
7.1148700e-01,4.00000e-04,-2.00000e-03,
7.1148801e-01,2.00000e-04,-3.60000e-03,
7.1148902e-01,0.00000e+00,-5.00000e-03,
7.1148998e-01,-2.00000e-04,-6.60000e-03,
7.1149099e-01,-4.00000e-04,-8.20000e-03,
7.1149200e-01,-6.00000e-04,-9.80000e-03,
7.1149302e-01,-1.00000e-03,-8.00000e-03,
7.1149403e-01,-1.60000e-03,-6.20000e-03,
7.1149498e-01,-2.20000e-03,-4.40000e-03,
7.1149600e-01,-2.80000e-03,-2.60000e-03,
7.1149701e-01,-3.40000e-03,-8.00000e-04,
7.1149802e-01,-4.00000e-03,1.00000e-03,
7.1149898e-01,-4.60000e-03,2.80000e-03,
7.1149999e-01,-5.20000e-03,4.60000e-03,
7.1150100e-01,-5.80000e-03,6.40000e-03,
7.1150202e-01,-6.40000e-03,8.20000e-03,
7.1150303e-01,-7.00000e-03,1.00000e-02,
7.1150398e-01,-7.60000e-03,1.16000e-02,
7.1150500e-01,-6.00000e-03,9.40000e-03,
7.1150601e-01,-4.40000e-03,7.20000e-03,
7.1150702e-01,-3.00000e-03,5.00000e-03,
7.1150798e-01,-1.40000e-03,2.80000e-03,
7.1150899e-01,2.00000e-04,6.00000e-04,
7.1151000e-01,1.60000e-03,-1.80000e-03,
7.1151102e-01,3.20000e-03,-4.00000e-03,
7.1151203e-01,4.80000e-03,-6.20000e-03,
7.1151298e-01,6.20000e-03,-8.40000e-03,
7.1151400e-01,7.80000e-03,-1.06000e-02,
7.1151501e-01,9.20000e-03,-1.30000e-02,
7.1151602e-01,7.60000e-03,-1.14000e-02,
7.1151698e-01,5.80000e-03,-9.80000e-03,
7.1151799e-01,4.00000e-03,-8.40000e-03,
7.1151900e-01,2.20000e-03,-6.80000e-03,
7.1152002e-01,6.00000e-04,-5.40000e-03,
7.1152103e-01,-1.20000e-03,-3.80000e-03,
7.1152198e-01,-3.00000e-03,-2.20000e-03,
7.1152300e-01,-4.80000e-03,-8.00000e-04,
7.1152401e-01,-6.40000e-03,8.00000e-04,
7.1152502e-01,-8.20000e-03,2.20000e-03,
7.1152598e-01,-1.00000e-02,3.80000e-03,
7.1152699e-01,-1.18000e-02,5.20000e-03,
7.1152800e-01,-9.40000e-03,4.40000e-03,
7.1152902e-01,-7.00000e-03,3.60000e-03,
7.1153003e-01,-4.60000e-03,2.80000e-03,
7.1153098e-01,-2.20000e-03,2.00000e-03,
7.1153200e-01,2.00000e-04,1.20000e-03,
7.1153301e-01,2.60000e-03,2.00000e-04,
7.1153402e-01,5.00000e-03,-6.00000e-04,
7.1153498e-01,7.40000e-03,-1.40000e-03,
7.1153599e-01,9.80000e-03,-2.20000e-03,
7.1153700e-01,1.22000e-02,-3.00000e-03,
7.1153802e-01,1.46000e-02,-4.00000e-03,
7.1153897e-01,1.26000e-02,-3.60000e-03,
7.1153998e-01,1.04000e-02,-3.40000e-03,
7.1154100e-01,8.40000e-03,-3.20000e-03,
7.1154201e-01,6.20000e-03,-3.00000e-03,
7.1154302e-01,4.00000e-03,-2.80000e-03,
7.1154398e-01,2.00000e-03,-2.60000e-03,
7.1154499e-01,-2.00000e-04,-2.40000e-03,
7.1154600e-01,-2.40000e-03,-2.20000e-03,
7.1154702e-01,-4.40000e-03,-2.00000e-03,
7.1154797e-01,-6.60000e-03,-1.80000e-03,
7.1154898e-01,-8.80000e-03,-1.60000e-03,
7.1155000e-01,-1.10000e-02,-1.40000e-03,
7.1155101e-01,-9.40000e-03,-1.20000e-03,
7.1155202e-01,-7.80000e-03,-1.00000e-03,
7.1155298e-01,-6.20000e-03,-8.00000e-04,
7.1155399e-01,-4.60000e-03,-6.00000e-04,
7.1155500e-01,-3.00000e-03,-4.00000e-04,
7.1155602e-01,-1.40000e-03,-2.00000e-04,
7.1155697e-01,2.00000e-04,0.00000e+00,
7.1155798e-01,1.80000e-03,2.00000e-04,
7.1155900e-01,3.40000e-03,4.00000e-04,
7.1156001e-01,5.00000e-03,6.00000e-04,
7.1156102e-01,6.60000e-03,8.00000e-04,
7.1156198e-01,7.20000e-03,1.00000e-03,
7.1156299e-01,6.00000e-03,1.00000e-03,
7.1156400e-01,5.00000e-03,1.00000e-03,
7.1156502e-01,3.80000e-03,1.20000e-03,
7.1156597e-01,2.60000e-03,1.20000e-03,
7.1156698e-01,1.60000e-03,1.20000e-03,
7.1156800e-01,4.00000e-04,1.20000e-03,
7.1156901e-01,-8.00000e-04,1.40000e-03,
